prévision 2020,prévision 2025,prévision 2030
14.850741458478316,15.293432779487372,15.74932045208902
